CustomerID,FirstName,LastName,Email,Phone,Address,City,State,Country,PostalCode,DateOfBirth,RegistrationDate
851,Bill,Price,andrew14@hotmail.com,001-267-692-9254x36689,72274 Sullivan Glens,Garciachester,Georgia,Seychelles,04987,1973-04-30,2020-03-23
652,Eric,Morrison,joshua12@yahoo.com,(344)737-5678x4375,3341 Cameron Loop,Lake Jillview,Michigan,Nicaragua,24888,1941-06-04,2021-06-02
596,Madison,Galloway,wheelerdavid@gmail.com,958.872.0477,7292 Brooks Crossroad,Brittanymouth,Pennsylvania,South Georgia and the South Sandwich Islands,41776,1970-06-14,2021-03-22
817,Maria,Vaughn,tylermoses@yahoo.com,0303066757,578 Todd Isle,Skinnerland,Minnesota,Luxembourg,73251,1979-08-29,2024-05-11
378,Cindy,Contreras,douglashenry@gmail.com,+1-653-619-3472x040,51621 Ray Brooks Suite 409,Sextonland,Nebraska,Saint Lucia,13411,1951-09-05,2022-09-18
467,Jeremy,Gill,saradorsey@sullivan.com,(186)066-4489x82538,9062 Lucero Locks,Kevinside,Ohio,Mauritania,48030,1964-01-03,2022-03-05
155,Kimberly,Hardy,annatorres@sanders.com,935.477.5223x628,25631 Reed Motorway Apt. 256,Galvanchester,Tennessee,Maldives,35975,1958-06-28,2024-02-08
677,Lindsay,Walsh,brookefowler@yahoo.com,859-561-7624x443,3158 Thomas Place,South Katelynmouth,Illinois,Cote d'Ivoire,51506,1947-03-13,2020-02-11
312,Thomas,Gentry,woodjamie@newman-adams.biz,4809036049,38704 Julie Brook,West Michaelville,Oklahoma,Sierra Leone,50311,1993-02-02,2022-03-08
895,Amy,Reynolds,colleengalloway@allison.biz,(910)438-1666x1962,930 Ramirez Walks Suite 866,North Jamesport,North Dakota,Puerto Rico,95092,1961-06-19,2020-05-16
861,Michael,Vasquez,valdezallen@barnes.com,(993)402-0939x635,1484 Chloe Harbor Apt. 050,South Jamesville,Utah,France,29417,1953-10-01,2021-03-06
684,Brittany,Richardson,jasonrichardson@johnson-collins.com,001-003-594-3719x223,4897 Susan Mountains,Larrystad,Georgia,Luxembourg,88737,1990-11-01,2024-03-07
911,Morgan,Flores,hlane@patterson.org,+1-333-059-0121x318,234 Daniel Plains Suite 341,Grantview,Idaho,United Kingdom,27057,1937-10-03,2022-06-17
972,Regina,Moore,richian@gmail.com,9951955038,28660 Ashley Field,East John,Florida,New Zealand,89814,1971-06-28,2021-04-02
107,Caroline,Patel,johnsanchez@yahoo.com,875.939.5890,610 Hernandez Pine Apt. 407,Brendabury,North Carolina,Dominican Republic,09028,1953-06-04,2023-03-23
310,Joseph,Mills,iankey@gutierrez.net,(892)418-4874,184 Jasmine Shoals,Port Kimberly,Oregon,Christmas Island,32177,1991-05-22,2023-12-27
730,John,Hines,norrisangela@yahoo.com,666.313.2333x53065,944 Lisa Landing Suite 411,New Meganborough,Missouri,Central African Republic,70772,1970-10-16,2020-12-17
432,Martha,Oliver,carterkatherine@yahoo.com,(622)984-3995x3011,56563 Mcneil Parkways Suite 924,Livingstonfurt,Kentucky,Greece,59813,1937-09-30,2021-02-17
799,John,Hayden,derek90@greer.com,(471)225-0383x193,025 Lynch Extension Apt. 012,Port Katrina,Tennessee,Christmas Island,89378,1965-12-03,2022-12-19
85,Justin,Thompson,john17@gmail.com,+1-592-232-3405x271,0561 Felicia Fort Suite 031,Trevinohaven,Alabama,Guinea,78052,1937-11-04,2023-12-13
995,Ryan,Hudson,deleonnina@johnson.com,172.727.3500,5222 Brad Estate,New Pamelaberg,Vermont,Senegal,29993,1961-03-20,2020-10-03
976,Kimberly,Larson,lindacolon@yahoo.com,+1-908-467-7614x903,7671 Smith Drive,Port Reginaldtown,Iowa,Puerto Rico,68939,1977-12-28,2023-03-26
664,Shannon,Watson,gchambers@davis.com,174.822.1299,6178 Payne Burgs Suite 116,East Annetteville,Tennessee,Israel,10613,2005-01-09,2022-11-14
881,Susan,Waters,riley33@werner.com,134.396.6741x817,15074 Weaver Branch Apt. 719,Trevorview,New Mexico,Cuba,43136,1945-02-27,2021-04-22
521,William,Sanchez,ydavis@hotmail.com,+1-782-257-5543,865 Dylan Points Apt. 132,New Kaylaburgh,Louisiana,South Georgia and the South Sandwich Islands,30705,1991-10-30,2020-12-29
562,Justin,Kidd,qcarter@crane.org,629.463.9332x274,780 Stephanie Ferry Apt. 520,Port Tomchester,Utah,Turks and Caicos Islands,77623,1988-02-22,2023-06-13
289,Kevin,Baker,pcalhoun@yahoo.com,711.239.6682x54707,7779 Gibson Brook,Fordview,Tennessee,Bosnia and Herzegovina,05746,1961-10-30,2022-03-13
781,Samantha,Sanchez,michael90@williams.biz,8131160552,8723 Perez Cliff Apt. 250,Lake Isabellaside,Ohio,Cyprus,78963,1953-04-16,2022-12-01
125,Deborah,Baker,annalopez@davis.org,5531464831,44893 Brian Via Suite 712,Tatetown,Florida,Guadeloupe,29219,1967-06-29,2020-01-15
723,Erika,Hall,brownpaula@yahoo.com,814-685-1560x617,934 Williams Spurs Apt. 631,North Wendyberg,Vermont,British Indian Ocean Territory (Chagos Archipelago),48584,1950-06-22,2021-03-07
689,Jeffrey,Wilson,robertsryan@campbell.biz,(730)623-1623x189,90216 Colleen Port Apt. 008,Lake Emily,Delaware,Denmark,34251,1964-04-18,2022-01-10
103,Maria,Boone,amberhoward@nichols.com,3564209564,601 Cooper Turnpike Suite 639,Port Dorothy,Nevada,Guatemala,23340,1986-01-21,2022-01-11
724,Lauren,Harrington,jeremy97@evans-beck.org,+1-262-010-2571x473,558 Ian Ports Apt. 519,Millertown,Georgia,Guam,20443,2001-02-09,2021-09-03
577,Donna,Jones,megansmith@gmail.com,795-008-9450x46908,708 Travis Ridges,Joshuaside,South Dakota,Gibraltar,54577,2003-06-11,2023-02-05
571,Kelsey,Smith,michael30@carlson.com,124.761.9833x642,3274 Jeffrey Way Suite 901,New Daveview,Idaho,Eritrea,06993,1935-10-14,2022-02-24
737,Travis,Martinez,heathermckee@francis.com,477-995-9777x450,461 Frank Knolls Apt. 152,South Deniseton,New Hampshire,Liberia,02419,1984-07-13,2023-08-16
584,Gina,Boyd,roseamber@hotmail.com,938.366.3767x76335,7165 Williams View Apt. 222,West Jessicafurt,California,Spain,44057,1979-07-22,2023-02-21
111,John,Lawrence,mdoyle@michael-bruce.com,022.702.3700x505,837 Tyler Corner Suite 882,New Rogerfort,New Jersey,Palestinian Territory,10480,1959-11-14,2022-09-10
711,Tonya,Horton,uwoods@wilson.com,001-583-616-3477,76333 Ruth Shore,Jasonton,Rhode Island,Cote d'Ivoire,79054,1985-10-30,2023-12-17
192,Diane,Alvarado,mclements@gmail.com,6488027845,25338 Allen Estates Suite 460,Fostertown,Kentucky,Malawi,76611,1966-09-29,2021-11-30
692,Tina,Escobar,bmiller@hotmail.com,+1-857-092-6488x0075,6572 Tyrone Fork,Lake Mark,California,Yemen,78780,1969-09-27,2021-07-18
353,Jessica,Alvarado,kathleenhorton@gmail.com,476.534.7904,6647 Angela Mount Suite 645,Masontown,Minnesota,United Arab Emirates,16452,1973-12-18,2023-03-20
672,Michelle,Villarreal,samantha03@yahoo.com,8865195277,1603 Wilcox Estates Suite 857,South Kathrynfurt,Wisconsin,Saint Vincent and the Grenadines,33373,1969-10-12,2021-04-04
202,Manuel,Jones,tracy50@anderson-schultz.biz,+1-481-200-4387x78139,27818 King Islands Apt. 723,East Sherrifort,Alaska,Finland,88343,1942-07-01,2022-04-28
925,Shelby,Arroyo,coxjerry@yahoo.com,232-080-0824,735 Rodney Burgs Apt. 241,South Brianfort,North Carolina,Finland,23113,1972-03-06,2023-10-29
660,Benjamin,Gibson,cmiller@yahoo.com,288.046.1368x31039,79267 Smith Forest Apt. 144,Debbiemouth,Virginia,Bahamas,20801,1947-03-28,2022-01-09
940,Kevin,Anderson,michaelhart@yahoo.com,802-278-8867x85147,96594 Spencer Light,Bethfurt,Delaware,Mali,19109,1943-10-31,2022-04-01
213,Kimberly,Nelson,watsonjonathan@gmail.com,105.177.9025,2822 Collins Ferry Apt. 405,Lake Denisefort,Alabama,Botswana,36172,1984-04-20,2024-04-05
783,Francis,Gould,ashleyschmitt@gmail.com,938.788.1375x7774,690 Kelly Roads Suite 477,Lake Alex,Delaware,Angola,72506,1958-11-26,2021-08-25
506,Kristen,Ellison,michael02@webb.info,(558)930-7303x962,35682 Edward Views,Fergusonshire,South Dakota,Chile,67578,1939-08-08,2021-01-25
670,Michael,Sullivan,michael41@herrera.com,001-329-459-3002x0489,52278 Mary Forge Apt. 389,East Ashleytown,Pennsylvania,Sri Lanka,19576,1973-09-08,2022-12-04
563,Joshua,Johns,sabrinabishop@nguyen-jones.com,633-149-9278,8926 Kelly Fall,Monicabury,Montana,Nepal,67246,1972-02-26,2021-11-11
942,Elizabeth,Phillips,klove@gmail.com,(906)182-3524x90934,5100 Walton Lakes,Dodsonland,Wyoming,Portugal,02347,1979-02-01,2020-01-02
423,Vincent,Lewis,nicholas82@hotmail.com,+1-229-206-7719x57745,17771 Andrea Island Apt. 831,South Kristine,Oregon,Colombia,36350,1975-12-22,2021-04-06
80,Marie,Smith,dunlapshirley@hotmail.com,+1-417-304-4785x08753,59292 James Glens Apt. 651,Moralestown,Hawaii,Mongolia,05100,1968-04-13,2024-03-03
679,Caroline,Santos,jphillips@yahoo.com,001-291-824-3521,467 Edwin Island Suite 371,Jessicamouth,Maryland,Tokelau,25387,1974-08-14,2022-02-25
805,Christopher,Jennings,markalexander@smith.com,733.472.1658,4134 Martinez Brook Apt. 911,New Marvinmouth,Washington,Turkey,83981,1942-04-19,2021-09-09
646,Selena,Williams,huynhsteven@hotmail.com,(901)778-0601x8860,795 Cory Courts,East Ashleymouth,Massachusetts,Saint Pierre and Miquelon,86672,2006-06-18,2020-10-24
214,Sonya,Gill,slara@anderson.org,001-518-303-2902x7758,1832 Levine Corners Suite 974,Harrisside,New Mexico,South Georgia and the South Sandwich Islands,70615,1944-11-15,2022-05-22
314,Jennifer,Chan,melissa53@moody.com,+1-175-621-5136x26241,067 Samuel Fall Apt. 008,West Paulview,Missouri,Palau,07563,1990-04-30,2023-06-03
517,Barbara,Sosa,alanhoffman@bradford.com,912.733.1527x381,5695 David Freeway Suite 691,East Davidtown,Indiana,Moldova,40305,1951-05-16,2022-11-05
586,Jean,Wallace,valerielawson@wallace.com,629-953-6491,895 Tanner Terrace Suite 506,Huntport,Nebraska,Palestinian Territory,27443,1971-09-17,2023-11-26
421,David,Jennings,barnessandra@yahoo.com,814.070.3449x34186,543 Jennifer Mission Suite 503,South Melissa,Wisconsin,El Salvador,50190,1989-10-17,2022-04-02
713,Daniel,Alvarado,brandonbarr@pham-wilson.com,+1-674-518-5529x897,2877 Collins Drive Apt. 428,South Jamesmouth,Georgia,Saint Martin,25235,1959-09-22,2024-01-24
233,Michael,Dixon,mgonzales@young.net,7386297051,661 Vega Loaf Suite 788,West Jennifershire,Mississippi,Dominica,92810,1970-11-24,2021-03-04
771,Nicole,Chen,ryanpatterson@whitehead.com,+1-772-983-0230,2471 Barnett Street,Port Timothy,Indiana,Turkey,90780,1971-06-12,2021-04-24
961,Amanda,Bell,mswanson@trevino-wilkinson.org,001-892-134-4316x456,85542 Lopez Lake Suite 626,North Andrew,New Jersey,Portugal,21946,1937-06-11,2021-11-18
264,Lisa,Nguyen,marie05@gmail.com,357-103-4143x02381,103 Veronica Pike,Millershire,Utah,Zambia,10902,1953-11-06,2021-05-01
876,Antonio,Snyder,bfreeman@hotmail.com,+1-025-361-4898x32416,660 Brittany Union,Lake Courtney,Missouri,South Georgia and the South Sandwich Islands,83070,1934-06-17,2023-06-16
837,Robert,Harris,annedavies@gmail.com,+1-520-511-1841x317,602 Hannah Row,Hancockhaven,Minnesota,Uzbekistan,56434,1957-07-15,2021-08-03
620,Keith,Dyer,tmeadows@santiago-foster.org,001-208-182-9470x928,39867 Jared Trail,Port Lori,Utah,Algeria,61015,1954-09-12,2023-02-03
657,Betty,Adams,johnny86@yahoo.com,815-903-0056,285 Thomas Common Apt. 475,Mitchellburgh,Maryland,Netherlands,87703,1998-01-14,2020-06-19
733,Steven,Sloan,barrykatrina@hernandez.com,929-892-9629x30364,406 Lucas Rapids,Ashleyshire,Arizona,Austria,12446,1996-05-28,2021-03-23
138,Megan,Cummings,wkey@becker.org,+1-768-858-3515,4050 Diaz Heights Apt. 794,Lake Matthewchester,North Dakota,Sierra Leone,21946,1971-03-26,2023-07-30
147,Christian,Marsh,james36@gonzalez.com,8868829743,0315 Carter Estates,Andreaberg,Connecticut,Kiribati,63258,1967-12-07,2024-05-20
659,Timothy,Lynch,porterjeffrey@wright.org,766-290-8157,45813 Andrea Circle Suite 830,Christopherland,Louisiana,China,97387,1944-07-01,2022-07-07
448,Charles,Anderson,acampbell@hanson-hall.net,+1-935-232-2022,261 Allen Plains Apt. 415,South John,Hawaii,Micronesia,08412,1983-02-27,2021-08-01
977,Mary,Harris,hbecker@gmail.com,420.323.3836x28232,300 Reese Rapids Suite 092,New Brandon,South Carolina,Seychelles,11675,1933-07-17,2024-05-16
819,Seth,Fields,livingstontracey@hotmail.com,(626)199-1711x69199,39041 Sandra Ridge,Petersonbury,Montana,Norfolk Island,18958,1942-05-16,2023-03-30
486,Raymond,Armstrong,mhall@yahoo.com,5233986715,1297 Holloway Garden Apt. 548,Lake Jenniferfort,Alabama,Belarus,70314,1992-03-18,2021-10-14
903,Whitney,Weaver,maria05@hotmail.com,095.157.1949,28539 Robert Summit Suite 289,East Joshua,North Dakota,Saint Kitts and Nevis,79537,1967-07-25,2024-01-07
404,Erica,Wilkinson,lrasmussen@jenkins.com,001-539-838-4904x40551,257 Santos Squares Apt. 553,West Michaeltown,Hawaii,Panama,28609,1986-06-05,2021-01-04
869,Veronica,Johnson,gibbskathleen@hotmail.com,(806)497-3554,287 Samantha Rest Suite 424,Lake Ryanfort,Oklahoma,Chile,56844,1983-05-07,2021-09-07
546,Brittany,West,woodsusan@gmail.com,1012858393,273 Joann Crossing,East Stacyborough,Alabama,Venezuela,21590,2000-04-30,2021-11-10
400,Jennifer,Hall,james32@hotmail.com,001-365-680-1385,7286 Kimberly Forges,Wilsonmouth,Montana,Northern Mariana Islands,55838,1965-12-21,2020-06-25
834,Tyler,Cunningham,zachary82@blackwell-barnes.org,+1-386-479-1533x185,254 Katherine Lodge,East Lisafurt,Connecticut,Mayotte,34445,1936-03-05,2021-12-05
525,Brianna,Foster,adennis@yahoo.com,(413)659-2425,23080 David Shoals,Hallchester,Mississippi,Guinea-Bissau,71494,1986-03-16,2023-08-20
948,April,Smith,rothmatthew@gmail.com,+1-187-866-8442x40958,417 Smith Shoal,Raventon,Louisiana,Spain,20736,1936-12-20,2023-11-02
886,James,Calhoun,millerkelly@kemp-hicks.biz,+1-218-691-6167x37443,694 Daniel Heights,Smithside,Utah,Iraq,56105,1974-12-05,2023-06-26
971,Michael,Rodriguez,tasharuiz@gmail.com,001-945-687-2422x13960,4878 Marcus Spring Apt. 642,Hernandezville,New Hampshire,French Polynesia,49263,1963-01-16,2022-04-15
433,Ian,Rojas,markburke@gmail.com,686-133-6661x9416,885 Davis Flats,New Christopher,Michigan,Niger,57135,1942-03-06,2023-02-05
987,Gina,Houston,qgilmore@howard.com,806.540.2246x0920,652 Virginia Green,North Steven,Georgia,Senegal,26306,1943-03-31,2024-06-16
554,Emily,Miller,gbright@gmail.com,911.950.5233x855,313 Fox Shoals Apt. 531,Smithstad,California,Papua New Guinea,48772,1989-04-01,2021-12-08
749,Mary,Blake,hlee@leblanc.com,622-771-5202,9273 Anthony Views Apt. 602,Pamelaland,Georgia,Tuvalu,68010,1982-01-02,2020-07-19
26,Shannon,Nguyen,ortizantonio@yahoo.com,(441)423-6076x51603,138 James Parkway Apt. 606,Stoutland,Georgia,Cote d'Ivoire,37146,1963-05-12,2022-11-30
99,Erik,Johnson,bwelch@hotmail.com,506-387-5576x51801,0669 Dwayne Extension Suite 957,Flynnport,Hawaii,Canada,18788,1973-10-20,2023-08-15
587,Patricia,Perez,patricksullivan@ramirez.com,193.892.9806,4330 Dennis Isle,Ryanbury,Texas,Burundi,97954,1959-08-17,2020-06-24
382,Nicholas,Leonard,phillipssean@gmail.com,001-195-690-1131x9460,212 Brown Manor,Paulview,Michigan,Iran,71719,1941-08-08,2020-10-21
580,Marc,Wilson,kimberlyday@watson-jordan.net,704.614.5091x868,2174 Meghan Parkway Suite 070,South Anthonyburgh,Missouri,Oman,03625,1961-08-31,2020-02-28
127,Sean,Brown,sjones@white-johnson.com,+1-375-123-5701x0028,2578 Hall Roads Apt. 507,New Alanstad,Tennessee,Palestinian Territory,97272,1977-01-17,2024-05-28
259,Rebecca,Hernandez,gregory12@evans-rowe.info,+1-848-401-3902x235,906 Nelson Garden,Port Abigail,Kansas,Tonga,67091,1971-12-05,2021-08-10
253,Danielle,Torres,katherinebarnes@yahoo.com,001-078-332-4451x6817,46164 Melissa Stream,North Anne,Arizona,South Georgia and the South Sandwich Islands,57033,1963-01-27,2020-07-12
747,Daniel,Montes,tayloraaron@hotmail.com,076-756-5458,22072 Whitney Tunnel Suite 323,Coleville,Washington,Iceland,01535,1949-11-14,2023-09-14
539,John,Miranda,angelahopkins@hotmail.com,573-219-9338x11229,049 Clarke Hills Suite 073,Amandachester,Kentucky,Saint Martin,40756,1994-02-01,2020-03-25
347,Brittany,Mitchell,danderson@reid.org,+1-750-603-6041x920,2405 Phillip Camp,Anthonyberg,Minnesota,Argentina,47472,1955-01-09,2024-02-08
320,Nancy,Reid,zachary90@hotmail.com,(638)378-9715,271 Gordon Stravenue Suite 106,Hendricksborough,Oregon,Gibraltar,27221,1942-07-30,2022-06-12
732,Michael,Cain,ian91@chan-ramsey.info,712.430.2986,164 Christopher Drives,Penningtonhaven,Delaware,Madagascar,69123,1956-08-04,2023-05-17
186,Erin,Bauer,benderjohn@gmail.com,798-460-4125x0410,02747 Murphy Villages Suite 473,Lake Danieltown,Utah,Northern Mariana Islands,16270,1976-01-03,2021-08-04
220,James,Krueger,bcooley@williamson.biz,001-843-801-5477x843,782 Robbins Parkways Apt. 701,Port Earl,New Mexico,Iceland,15935,1973-12-28,2021-06-19
731,Luke,Larsen,amber00@yahoo.com,077.603.4658x246,9694 Love Crossing Apt. 730,North Darrylberg,New York,Argentina,98443,1963-01-04,2022-01-12
456,Wendy,Harding,rebecca89@hotmail.com,001-330-616-7029x78163,9554 Daniel Squares Suite 042,Brownberg,North Carolina,Djibouti,44570,1956-12-25,2022-10-21
33,Adam,Roberson,hmorrow@gmail.com,273-437-8829x15459,95928 Brooks Pass,Dominguezbury,Oklahoma,Algeria,49358,1983-11-19,2023-08-24
916,Melanie,Robbins,kthompson@hotmail.com,(713)336-0208,29952 Nathan Trail,West Omarshire,Montana,Iceland,95880,1947-10-04,2024-04-22
291,Suzanne,Graham,wmartin@yahoo.com,001-855-442-2630x03786,44844 Ralph Courts,North Justinview,Oregon,Mongolia,74579,1958-08-08,2023-12-01
989,Michelle,Simpson,jessica77@johnson-foster.biz,4215394411,3918 White Unions Apt. 801,Lowerymouth,Kansas,Singapore,66982,1948-03-19,2024-05-08
630,Kelly,Clarke,zbennett@carrillo.com,864.875.3377,4496 Warren Curve Apt. 269,West Barbara,Nevada,Ukraine,47686,1957-11-12,2023-10-07
211,Christopher,Kramer,elliotttimothy@gmail.com,497-242-0774x35059,89568 Lynn Viaduct Apt. 467,Wilsonfort,Michigan,Mayotte,83400,1988-01-24,2024-05-18
308,Raymond,Noble,joshuagutierrez@barnes-williams.com,(363)511-9690,5171 James Causeway Apt. 190,North Martin,Rhode Island,Thailand,78849,1970-08-20,2023-03-03
821,Chad,Pearson,anagibson@rosales.com,328-005-8953,034 Anderson Ways Apt. 762,Josephstad,Nebraska,Costa Rica,71005,1958-10-13,2020-05-26
662,Elizabeth,Ibarra,forbesalec@hotmail.com,001-694-392-2897,9608 Robert Lodge,New Robertville,Texas,Finland,49124,1936-03-10,2021-09-13
914,Tony,Ibarra,ashley57@stone.com,(634)696-0818x494,9952 Ashley Pine,Douglasside,Hawaii,Benin,75507,1946-10-10,2020-05-25
369,Cynthia,Rowland,aaronbryan@benjamin-morales.com,+1-836-158-1223x2814,16206 White Ways Apt. 567,Jenkinshaven,Maryland,Venezuela,55341,1981-08-25,2024-02-12
678,Katherine,Washington,jthomas@hughes.com,402-812-6319x703,253 Joel Stravenue,Timothyburgh,Mississippi,Cambodia,23808,1999-03-05,2022-03-19
11,John,Grant,youngariel@butler.info,+1-735-081-7928x53792,89203 Ruiz Center Suite 778,Davidville,Massachusetts,Cameroon,91972,1973-06-13,2021-06-21
330,Stacey,Duran,williamsholly@hotmail.com,091-380-8246,762 Campbell Oval Apt. 117,Obrienton,Wisconsin,British Virgin Islands,93759,1990-10-08,2021-05-14
810,Sara,Adams,andrew86@yahoo.com,(084)422-7268,4238 William Manor Suite 873,Port Amber,Texas,Turkey,33545,1960-06-09,2023-01-14
774,Douglas,Lara,cheryl21@whitehead.net,3271758307,598 Chase Square,North Kathleenmouth,Mississippi,Ireland,92818,1998-11-26,2023-11-21
260,Justin,Livingston,flittle@graham-liu.info,+1-348-883-4797x50842,48976 Anderson Corner,Bonillatown,Wisconsin,Senegal,43066,1991-07-03,2022-07-28
501,Paul,Simmons,ebaker@yahoo.com,001-890-347-2344x0355,1350 Mejia Well,Port Lisaview,Rhode Island,Lebanon,01927,1983-10-28,2022-11-20
768,Jessica,Lara,alexandrahooper@gmail.com,(499)625-5307x47073,6282 Brian Estate,East Jamie,Arizona,Liechtenstein,90002,1956-11-04,2023-07-24
120,Cathy,Martin,mayercarla@yahoo.com,331.183.9097x0985,0377 Smith Street Apt. 908,Cooperhaven,Ohio,Macao,32815,1941-08-29,2023-10-24
140,Amber,Bennett,kellycampbell@olsen.com,+1-339-324-0269x3234,483 Garcia Vista Suite 714,New Jesseland,North Carolina,Trinidad and Tobago,07944,1985-09-05,2023-04-03
139,Nicole,White,omoore@yahoo.com,+1-457-347-6379x676,15774 Amanda Valley,Richardsborough,Texas,Liberia,65060,1976-10-03,2022-04-14
542,Russell,Frazier,rcarpenter@gmail.com,530-328-0303x471,66365 Smith Road Suite 208,North Danielchester,Arkansas,Lebanon,34245,1972-08-22,2023-03-17
450,Madison,Williams,jeanettelewis@macdonald-chavez.com,2472381932,941 Kimberly Cliffs Apt. 437,Laneborough,Wisconsin,United States Virgin Islands,64651,1934-10-08,2022-06-15
661,Steven,Ramirez,goodwinjody@yahoo.com,186-624-3373x8665,5251 Smith Causeway,West Shaun,Michigan,Vietnam,27434,2005-01-08,2023-06-28
694,Lindsey,Thomas,kimberly03@brown-smith.org,(403)880-8957,551 White Hill Apt. 977,New James,Maine,Iceland,74487,2001-01-30,2021-02-15
304,Jenny,Martin,michaelcole@gmail.com,780-313-5938,93629 Carney Rest,Caldwellton,South Carolina,Norway,19251,1972-03-17,2020-11-13
941,Jennifer,Martinez,lewisanthony@gilmore.info,+1-900-642-9081x57565,991 Michael Station Apt. 196,Heatherton,Alabama,Saint Vincent and the Grenadines,64881,1967-11-18,2023-11-18
451,Jonathan,Nunez,williamsangela@adams.info,(669)508-7852x198,71844 Lauren Plain Suite 335,Brendaborough,New Hampshire,Brazil,06427,1958-02-04,2021-09-30
910,Donna,Kim,hunter49@andrews.info,+1-342-735-8435x193,0940 Norton Branch,Josefurt,Missouri,Taiwan,46156,1939-03-24,2023-08-05
173,Jon,Simon,melissabowen@yahoo.com,6964422372,6136 Ryan Forks Apt. 308,South Albertton,Oregon,Bosnia and Herzegovina,21185,2001-12-21,2022-08-27
379,Aaron,Serrano,patrickrogers@thompson-butler.org,979.948.3297x554,74028 Smith Stream,Aliciaview,Wisconsin,Macedonia,48913,1990-10-15,2021-06-20
939,Jeffrey,Whitney,daviskatherine@moore.info,+1-063-638-7837,872 Sean Flat,South Hannahbury,Oklahoma,United States of America,27469,1940-03-21,2022-02-20
303,Susan,Rodriguez,yyoung@harris.com,433-723-8419,64623 Karen Bridge,North Cassandramouth,Montana,South Africa,62090,1938-07-11,2022-07-16
931,Gabrielle,Wilson,achan@french.net,001-357-691-1584x757,11666 Amanda Pines Suite 103,New Heather,Alaska,Equatorial Guinea,42641,2001-12-05,2024-04-28
581,Shelley,Baker,dixonlaura@evans.com,494-760-6081x016,84914 Sherry Radial Apt. 882,New Donaldmouth,Utah,Lesotho,22002,1980-01-31,2020-05-20
589,Richard,Burns,gordonbeth@bass.info,239.253.3503,62319 Velazquez Springs Apt. 957,Thomasbury,Utah,Bulgaria,26729,1996-09-30,2022-10-18
166,Dennis,Lewis,michael48@hotmail.com,001-640-668-9692x64483,99502 Gilbert Brooks,Chambersbury,Maine,Cambodia,25174,1941-07-14,2021-01-22
102,Brenda,Thompson,allenpatrick@yahoo.com,001-299-979-2039x7046,54151 Mcintosh Highway,West Erinshire,Tennessee,Antarctica (the territory South of 60 deg S),61879,1968-04-01,2024-03-22
238,Michael,Graham,xshaffer@clark.biz,339-064-1789,29428 Tammy Motorway Apt. 496,Mcmahonside,Louisiana,Estonia,77974,1962-11-07,2020-10-21
144,Sandra,Rice,ecortez@andrade.com,001-843-442-6847x635,8438 Adrian Spurs Suite 313,Lopezland,Texas,Vietnam,18522,1970-05-05,2020-03-12
956,James,Davidson,reyesdarius@yahoo.com,120.230.1799x536,5235 Tara Bridge Suite 394,Lake Scott,Alaska,Sri Lanka,32708,1990-10-26,2021-04-10
591,Robert,Mitchell,anthony99@hotmail.com,001-199-220-7114x6363,90237 Mckinney Mountain,South Jamesville,North Dakota,Rwanda,33638,1988-03-15,2023-01-27
647,Zachary,Day,donaldpeters@davidson-freeman.com,001-013-290-5997x2957,80804 Richardson Valleys,North Gerald,Tennessee,United States Minor Outlying Islands,05753,1973-02-21,2022-09-21
411,Jo,Mason,kingjason@gmail.com,001-578-482-2147x7234,846 Chapman Ports Apt. 260,North Derek,Wyoming,Jamaica,03608,2004-03-22,2023-05-02
592,Margaret,Jones,pattersonjessica@mccarthy.com,+1-877-798-7996x956,693 Sanders Lake,Millerhaven,Louisiana,Brunei Darussalam,52164,1961-03-26,2021-04-17
714,Samuel,Boyd,sarah54@le.com,1391039657,243 Garcia Skyway Apt. 820,Lake Chad,Illinois,Zambia,34021,1993-08-13,2022-12-15
37,Maria,Wyatt,sanfordstephen@brooks.org,(545)390-3328x24458,10783 Jacob Meadow,Paulview,California,Papua New Guinea,11953,1952-05-07,2020-06-05
756,Cathy,Turner,edwardmoore@hotmail.com,382.431.9351x00968,92687 Stuart Pike Apt. 407,Curtisland,Washington,Lithuania,02869,1982-09-10,2020-05-07
532,Kristopher,Heath,bross@gmail.com,+1-894-566-9171x76880,43183 Hernandez Place,Port Coreychester,Arkansas,Palestinian Territory,45100,1974-12-01,2022-07-10
428,Patricia,Silva,kevin08@yahoo.com,740-258-2999x52799,166 Stacy Lakes,Port Randymouth,Florida,Korea,30204,1984-09-18,2022-04-10
725,Kristina,Miller,danielwood@brooks-donovan.com,+1-624-408-1714x885,33282 Crystal Drives Suite 607,Hayesland,Minnesota,Australia,98350,1976-10-22,2020-04-26
282,Jay,Simpson,gardnerwesley@armstrong-smith.com,(122)385-2873,016 Kristin Estate,Allenview,Oklahoma,Iran,96887,1978-08-24,2020-11-04
285,Bradley,Love,craigmcdaniel@gomez-hill.info,(976)019-8598,96975 Williams Divide Suite 965,Brittneyport,Maryland,Montserrat,44921,1933-11-24,2022-08-25
438,Laura,Schwartz,jason81@bird-bond.com,903.026.2792x9845,664 Lewis Prairie Apt. 384,North Zacharyfurt,New Jersey,Djibouti,06290,1977-07-09,2021-12-03
766,Sarah,Hill,ogates@gmail.com,4038993096,5618 Vargas Parkway Apt. 688,New Bryanhaven,New Mexico,Macedonia,96678,1980-10-17,2023-08-02
413,David,Martin,melvinprice@hotmail.com,001-769-130-8914,6051 Michele Cape,Cynthiaside,Nevada,Poland,55996,1940-09-09,2022-05-06
824,Brittany,Jordan,coxsara@gmail.com,001-842-628-0931x13466,766 Mark Mission,Keithbury,Tennessee,Belize,21804,1973-11-20,2024-06-13
710,Jaime,Fuller,kelly13@hodges.net,001-593-816-3770,36515 Jones Light,Madisonchester,Nebraska,Northern Mariana Islands,50896,1934-02-02,2020-06-04
297,Brittany,Jones,moralesgordon@hotmail.com,+1-720-819-8057,5943 Melinda Road,Josephville,Missouri,Seychelles,17398,1995-01-16,2024-06-01
286,Daniel,Wood,deborah37@yahoo.com,(322)744-2016x05327,00375 Connie Junction Suite 481,East Ronaldfurt,Washington,Djibouti,47686,1968-07-27,2021-02-21
738,Chad,Reed,ortegaamber@aguirre-griffin.info,(757)135-9342,215 Jessica Estate Apt. 450,Lake Cherylbury,Kentucky,Paraguay,87280,1996-06-09,2022-02-28
402,Jessica,Gray,jsmith@bradley-vincent.com,948.167.9199,316 Chung Underpass Suite 611,South Brandon,Kentucky,Guyana,71169,1940-06-09,2021-01-11
32,April,Hawkins,davisamber@brown-glenn.com,5181918222,2399 Berg Creek Apt. 165,Coreytown,Massachusetts,China,77185,1984-05-16,2021-05-10
801,Andrew,Dickson,leonardfrederick@yahoo.com,001-479-379-0380x4361,684 Betty Parks,Patrickmouth,Texas,Pitcairn Islands,90447,1945-11-09,2022-08-19
658,Jesse,Buck,rweaver@hotmail.com,(276)568-2181x503,11176 Lowery Inlet,Elizabethstad,North Dakota,Cook Islands,48607,1997-08-16,2023-02-12
328,Lauren,Johnson,christopherkeller@gmail.com,1081915784,79565 Harris Crossroad,Donaldton,Oregon,Sao Tome and Principe,24872,1992-11-07,2021-01-27
24,Janice,Dominguez,fbryant@parsons-harrison.info,384-527-4243x9310,52191 Kara Spring Apt. 249,North Marymouth,New Jersey,Maldives,62065,1944-07-21,2021-10-23
531,Kelly,Riley,melissahines@campbell-santos.com,(932)943-4217x844,46099 Yang Cape Apt. 682,Charlesport,Connecticut,Cayman Islands,77155,1975-05-25,2021-08-31
548,Natasha,Bell,adam41@jones-davis.com,436.054.0895,771 Chloe Brook,Port Julieton,Maine,British Virgin Islands,40086,1950-04-04,2022-07-05
464,Lauren,Rivera,petersenmichael@keller-brown.org,7035865730,790 Christian Brooks Apt. 601,Foleyburgh,Kansas,Kyrgyz Republic,21329,1969-07-21,2024-03-12
63,Jose,Miller,estradamegan@fuller.info,(552)634-7941x98153,54933 Valdez Club Apt. 909,East Scotthaven,North Carolina,Belgium,18946,1966-04-23,2023-10-03
878,Ashley,Mcclain,andrew65@thomas.com,(275)482-4416,51175 Simmons Drive Apt. 485,Port Danny,Alaska,Macao,03938,2006-04-16,2022-11-18
358,Richard,English,steven33@gmail.com,001-904-372-1576,44141 Wilkerson Station,Andreaberg,Utah,Holy See (Vatican City State),42430,2003-06-24,2023-05-29
507,Donald,Pollard,thomasweiss@reid.com,(153)379-3254x63215,70261 Doyle Divide,South Lisa,Connecticut,Denmark,07279,1968-08-10,2022-05-31
422,Austin,Scott,edwardgonzales@hotmail.com,(394)802-9119,236 Singh Mall Suite 260,East Bryan,North Carolina,Myanmar,68357,1953-11-13,2022-03-23
16,Christine,Walter,omitchell@white.biz,(878)261-5003x53616,343 Corey Points,East Cheryl,Nebraska,Aruba,14219,1998-12-02,2024-03-25
251,Rachel,Johnson,monicagilbert@yahoo.com,(274)301-0255,403 Cole Spur,Mcgeeland,Utah,Saint Vincent and the Grenadines,98756,1982-07-05,2023-11-01
165,Lori,Barnes,josephjones@montgomery.com,+1-933-498-8386,0863 Johnson Haven,West Lisafort,Georgia,Switzerland,57169,1973-02-05,2021-05-28
850,Alexa,Goodman,michaelbennett@yahoo.com,(041)784-0190,069 Henderson Club Suite 457,Allenmouth,New Mexico,Hong Kong,35236,1981-04-18,2021-05-23
763,Clinton,Johnson,larsensteven@hotmail.com,247.015.7436x49520,4471 Davis Spur Apt. 439,Haastown,Arizona,Bahamas,65739,2000-06-15,2020-06-20
892,Lindsay,Washington,ubailey@burnett-holland.com,878.282.5094,412 Tapia Forks Suite 877,West Sabrinatown,North Dakota,Afghanistan,80495,1969-05-03,2023-10-12
132,Joseph,Gibbs,ericfowler@gmail.com,205.627.9726,33272 Lewis Locks,North Robert,Minnesota,India,19711,1996-12-21,2022-07-26
337,Jeremiah,Moore,duketyler@gmail.com,(255)901-3260x6183,5591 Tanya Hills,Wendyview,Louisiana,Algeria,60606,1950-04-26,2023-04-29
348,Angela,Crawford,mreyes@barajas.com,(923)010-5310,952 Martinez Avenue,Lake Jesustown,Connecticut,Gabon,77660,1940-11-18,2021-08-27
162,Joseph,Dean,michaeljoseph@gmail.com,661.336.0025x0171,12769 Jackson Summit,Burnsfort,Louisiana,Croatia,26428,1944-01-11,2022-01-18
797,Gina,Burnett,mlawrence@king.biz,(626)776-3786x67608,5078 Christina Key,West Timothymouth,Michigan,Jordan,47886,1984-09-18,2021-10-16
401,Jason,Olson,allenchristopher@gmail.com,2509803241,03135 Becker Shoal Apt. 455,New Timothy,Tennessee,Sudan,71302,1983-01-16,2021-05-17
70,Franklin,Stewart,walkeremily@yahoo.com,219-842-7435x472,540 Miranda Stream Apt. 125,East John,Pennsylvania,Argentina,38961,1996-11-14,2021-12-20
